Emotions,Confidence Score
CONFUSED,0.0
SAD,80.88897705078125
SURPRISED,0.40909290313720703
HAPPY,0.07864541560411453
ANGRY,6.388451099395752
DISGUSTED,1.1422141790390015
CALM,6.578701972961426
