Emotions,Confidence Score
SAD,56.505035400390625
CONFUSED,0.0
SURPRISED,0.9424072504043579
ANGRY,14.29627799987793
CALM,17.820730209350586
DISGUSTED,2.2742087841033936
HAPPY,0.6118767261505127
