Emotions,Confidence Score
DISGUSTED,2.7971160411834717
CONFUSED,0.0
CALM,33.276004791259766
ANGRY,55.50836181640625
HAPPY,0.19679796695709229
SAD,3.3327908515930176
SURPRISED,0.6781098246574402
