Emotions,Confidence Score
CONFUSED,0.0
SURPRISED,0.7565363049507141
CALM,50.160301208496094
SAD,3.111476182937622
HAPPY,0.12552037835121155
DISGUSTED,4.072175025939941
ANGRY,38.9157829284668
