Emotions,Confidence Score
CONFUSED,0.0
SURPRISED,1.3768106698989868
CALM,36.19684600830078
SAD,24.8957462310791
HAPPY,0.06901045143604279
DISGUSTED,2.957623243331909
ANGRY,28.40775489807129
