Emotions,Confidence Score
CONFUSED,0.0
SAD,49.816463470458984
SURPRISED,0.14316818118095398
HAPPY,0.08576616644859314
ANGRY,37.84584045410156
DISGUSTED,2.6422204971313477
CALM,6.5792717933654785
