Emotions,Confidence Score
ANGRY,56.97621536254883
CONFUSED,0.0
HAPPY,0.16171333193778992
CALM,19.41876220703125
SURPRISED,0.6883649826049805
DISGUSTED,6.060810565948486
SAD,12.4401273727417
