Emotions,Confidence Score
DISGUSTED,0.7732754349708557
CONFUSED,0.0
CALM,4.318235397338867
ANGRY,0.5163255333900452
HAPPY,0.6061493754386902
SAD,92.67034912109375
SURPRISED,0.0771314799785614
