Emotions,Confidence Score
DISGUSTED,0.2626895010471344
CONFUSED,0.0
CALM,0.3446500897407532
ANGRY,1.360276699066162
HAPPY,0.020521298050880432
SAD,97.60868072509766
SURPRISED,0.014323469251394272
