Emotions,Confidence Score
CONFUSED,0.0
SURPRISED,16.825939178466797
CALM,34.449073791503906
SAD,3.023547649383545
HAPPY,0.38837507367134094
DISGUSTED,3.3655357360839844
ANGRY,35.48346710205078
