Emotions,Confidence Score
CONFUSED,0.0
SAD,0.2734237015247345
SURPRISED,1.3775807619094849
HAPPY,5.814861297607422
ANGRY,89.02507019042969
DISGUSTED,1.2217283248901367
CALM,0.26201939582824707
