Emotions,Confidence Score
SAD,97.8670654296875
DISGUSTED,0.4528510868549347
CONFUSED,0.0
HAPPY,0.004092643037438393
ANGRY,1.281678318977356
SURPRISED,0.00400462606921792
CALM,0.25231748819351196
