Emotions,Confidence Score
ANGRY,81.31355285644531
HAPPY,0.40493112802505493
DISGUSTED,1.1835176944732666
CONFUSED,0.0
CALM,10.414939880371094
SURPRISED,0.8216016292572021
SAD,3.1663219928741455
