Emotions,Confidence Score
DISGUSTED,1.4395697116851807
HAPPY,0.06692188233137131
SURPRISED,2.7517125606536865
ANGRY,1.4693430662155151
CALM,92.33041381835938
SAD,0.6723598837852478
CONFUSED,0.0
