Emotions,Confidence Score
CONFUSED,0.0
SURPRISED,0.17381328344345093
ANGRY,81.22196960449219
SAD,6.797359943389893
DISGUSTED,0.9330305457115173
HAPPY,0.21281768381595612
CALM,8.717473030090332
