Emotions,Confidence Score
CONFUSED,0.0
SURPRISED,0.5188262462615967
ANGRY,13.913289070129395
SAD,13.428915977478027
DISGUSTED,4.632532119750977
HAPPY,0.09075861424207687
CALM,64.49030303955078
