Emotions,Confidence Score
DISGUSTED,0.14321482181549072
CONFUSED,0.0
CALM,4.456252098083496
ANGRY,93.35801696777344
HAPPY,0.027779046446084976
SAD,1.3600640296936035
SURPRISED,0.16755320131778717
