Emotions,Confidence Score
CONFUSED,0.0
SURPRISED,1.305486798286438
ANGRY,55.03624725341797
SAD,8.855852127075195
DISGUSTED,0.8979378938674927
HAPPY,0.601102888584137
CALM,18.33126449584961
