Emotions,Confidence Score
SAD,33.5150146484375
DISGUSTED,0.2625997066497803
CONFUSED,0.0
HAPPY,0.036491282284259796
ANGRY,58.59992980957031
SURPRISED,0.1390998363494873
CALM,2.697741985321045
