Emotions,Confidence Score
SURPRISED,0.6589959263801575
DISGUSTED,1.1136544942855835
HAPPY,0.42602503299713135
CALM,4.2005839347839355
CONFUSED,0.0
ANGRY,5.950552463531494
SAD,84.79310607910156
