Emotions,Confidence Score
DISGUSTED,1.6200655698776245
HAPPY,0.29251712560653687
SURPRISED,0.5459784269332886
ANGRY,64.04269409179688
CALM,21.885639190673828
SAD,9.216188430786133
CONFUSED,0.0
