Emotions,Confidence Score
SAD,0.3764772415161133
DISGUSTED,1.8340833187103271
CONFUSED,0.0
HAPPY,0.03591937571763992
ANGRY,64.10543823242188
SURPRISED,0.28875216841697693
CALM,33.11722946166992
