Emotions,Confidence Score
CALM,28.70083999633789
SAD,28.0548152923584
ANGRY,24.701387405395508
