Emotions,Confidence Score
CALM,59.232688903808594
ANGRY,41.81516647338867
SAD,16.45743179321289
