Emotions,Confidence Score
CALM,30.648548126220703
SAD,12.99448013305664
ANGRY,11.087584495544434
