Emotions,Confidence Score
SAD,7.9841814041137695
DISGUSTED,1.9344664812088013
CONFUSED,0.0
HAPPY,0.24004247784614563
ANGRY,71.73767852783203
SURPRISED,0.6121774911880493
CALM,11.950475692749023
