Emotions,Confidence Score
CONFUSED,0.0
SURPRISED,0.44139862060546875
CALM,10.060111045837402
SAD,3.8114070892333984
HAPPY,0.15283523499965668
DISGUSTED,2.5982964038848877
ANGRY,79.24744415283203
