Emotions,Confidence Score
DISGUSTED,1.5006163120269775
HAPPY,0.03233169764280319
SURPRISED,0.09847478568553925
ANGRY,74.98990631103516
CALM,12.229464530944824
SAD,9.699747085571289
CONFUSED,0.0
