Emotions,Confidence Score
CONFUSED,0.0
SAD,27.392393112182617
SURPRISED,4.441977024078369
HAPPY,0.9036735892295837
ANGRY,28.205537796020508
DISGUSTED,3.801603317260742
CALM,26.994970321655273
