Emotions,Confidence Score
CONFUSED,0.0
SURPRISED,0.009606895968317986
ANGRY,6.7976555824279785
SAD,91.53266906738281
DISGUSTED,0.3642633557319641
HAPPY,0.010304099880158901
CALM,0.9801954030990601
