Emotions,Confidence Score
DISGUSTED,0.7361593842506409
HAPPY,0.03129972144961357
SURPRISED,0.05394737422466278
ANGRY,93.9412841796875
CALM,3.354541540145874
SAD,1.1920745372772217
CONFUSED,0.0
