Emotions,Confidence Score
CONFUSED,0.0
SAD,9.749809265136719
SURPRISED,0.0250153336673975
HAPPY,0.00867599155753851
ANGRY,87.44288635253906
DISGUSTED,0.6820307970046997
CALM,1.458401083946228
