Emotions,Confidence Score
CONFUSED,0.0
SURPRISED,0.0938405767083168
ANGRY,79.7366943359375
SAD,13.431697845458984
DISGUSTED,0.5899837017059326
HAPPY,0.025542324408888817
CALM,4.386280536651611
