Emotions,Confidence Score
CONFUSED,0.0
SURPRISED,0.02413514070212841
CALM,2.2690508365631104
SAD,41.775150299072266
HAPPY,0.046910326927900314
DISGUSTED,1.0922917127609253
ANGRY,53.688438415527344
