Emotions,Confidence Score
SURPRISED,0.5851552486419678
DISGUSTED,2.5330488681793213
HAPPY,0.37688446044921875
CALM,16.122196197509766
CONFUSED,0.0
ANGRY,45.726402282714844
SAD,27.52927017211914
