Emotions,Confidence Score
CONFUSED,0.0
SAD,2.129242420196533
SURPRISED,0.7835798859596252
HAPPY,0.0038039383944123983
ANGRY,92.09478759765625
DISGUSTED,0.16707570850849152
CALM,4.502973556518555
