Emotions,Confidence Score
CONFUSED,0.0
SURPRISED,20.410070419311523
CALM,49.20264434814453
SAD,0.3215293288230896
HAPPY,1.5456266403198242
DISGUSTED,3.8333494663238525
ANGRY,3.8466227054595947
