Emotions,Confidence Score
CONFUSED,0.0
SAD,3.4087207317352295
SURPRISED,0.38275986909866333
HAPPY,0.05421711876988411
ANGRY,38.5379753112793
DISGUSTED,5.966157913208008
CALM,50.3817138671875
