Emotions,Confidence Score
DISGUSTED,0.5275482535362244
HAPPY,0.016669107601046562
SURPRISED,0.007084464654326439
ANGRY,63.792579650878906
CALM,1.659771203994751
SAD,33.75470733642578
CONFUSED,0.0
