Emotions,Confidence Score
ANGRY,42.770572662353516
HAPPY,0.40260049700737
DISGUSTED,3.86269211769104
CONFUSED,0.0
CALM,15.295047760009766
SURPRISED,0.2902672290802002
SAD,34.385250091552734
