Emotions,Confidence Score
CONFUSED,0.0
SURPRISED,0.3966290354728699
ANGRY,68.53678894042969
SAD,5.465162754058838
DISGUSTED,3.2160346508026123
HAPPY,0.057402245700359344
CALM,19.66933822631836
