Emotions,Confidence Score
CONFUSED,0.0
SURPRISED,0.2866664528846741
ANGRY,56.4784049987793
SAD,2.2158374786376953
DISGUSTED,0.454344779253006
HAPPY,40.0806770324707
CALM,0.04967130348086357
