Emotions,Confidence Score
CONFUSED,0.0
SAD,14.469014167785645
SURPRISED,4.719858169555664
HAPPY,0.332862913608551
ANGRY,24.694923400878906
DISGUSTED,2.2260544300079346
CALM,48.18601608276367
