Emotions,Confidence Score
SURPRISED,0.3486473858356476
DISGUSTED,3.318723201751709
HAPPY,0.10386084765195847
CALM,15.275766372680664
CONFUSED,0.0
ANGRY,19.182392120361328
SAD,54.22370910644531
