Emotions,Confidence Score
DISGUSTED,7.228326797485352
CONFUSED,0.0
CALM,15.273569107055664
ANGRY,75.62629699707031
HAPPY,0.09494241327047348
SAD,1.1662006378173828
SURPRISED,0.12911009788513184
