Emotions,Confidence Score
SURPRISED,1.24137544631958
DISGUSTED,2.4844512939453125
HAPPY,0.9459947943687439
CALM,25.282394409179688
CONFUSED,0.0
ANGRY,14.59977912902832
SAD,46.751739501953125
