Emotions,Confidence Score
HAPPY,49.9287223815918
CONFUSED,32.985939025878906
SAD,2.259618043899536
