Emotions,Confidence Score
CALM,48.3856315612793
CONFUSED,18.538135528564453
SAD,9.041810035705566
