Emotions,Confidence Score
CALM,62.152069091796875
SAD,60.29159927368164
ANGRY,13.389528274536133
