Emotions,Confidence Score
SAD,31.333059310913086
ANGRY,14.006501197814941
CALM,8.339333534240723
