Emotions,Confidence Score
CONFUSED,0.0
SURPRISED,0.10117952525615692
ANGRY,88.88676452636719
SAD,2.9683399200439453
DISGUSTED,0.8850332498550415
HAPPY,0.045045848935842514
CALM,5.742187976837158
