Emotions,Confidence Score
CONFUSED,0.0
SAD,2.026127338409424
SURPRISED,0.06470285356044769
HAPPY,0.035380057990550995
ANGRY,94.22486114501953
DISGUSTED,0.8285408616065979
CALM,1.9503867626190186
