Emotions,Confidence Score
CONFUSED,0.0
SAD,2.215118408203125
SURPRISED,0.12151951342821121
HAPPY,0.021243663504719734
ANGRY,90.95726013183594
DISGUSTED,1.2191778421401978
CALM,4.113790035247803
