Emotions,Confidence Score
DISGUSTED,0.8058074116706848
CONFUSED,0.0
CALM,4.101140022277832
ANGRY,93.07567596435547
HAPPY,0.03835918381810188
SAD,0.7376959323883057
SURPRISED,0.201207235455513
