Emotions,Confidence Score
SURPRISED,1.0777714252471924
DISGUSTED,2.4038546085357666
HAPPY,0.04786672443151474
CALM,11.157280921936035
CONFUSED,0.0
ANGRY,54.03436279296875
SAD,22.009109497070312
