Emotions,Confidence Score
CONFUSED,0.0
SAD,3.31772780418396
SURPRISED,0.19184723496437073
HAPPY,0.05170076712965965
ANGRY,90.90912628173828
DISGUSTED,0.6114792227745056
CALM,4.083611965179443
