Emotions,Confidence Score
DISGUSTED,1.9896410703659058
HAPPY,0.14992347359657288
SURPRISED,0.7495794296264648
ANGRY,60.40043640136719
CALM,12.619203567504883
SAD,18.377702713012695
CONFUSED,0.0
