Emotions,Confidence Score
DISGUSTED,0.10286391526460648
CONFUSED,0.0
CALM,1.4960659742355347
ANGRY,98.20652770996094
HAPPY,0.006746629718691111
SAD,0.10708897560834885
SURPRISED,0.020844856277108192
