Emotions,Confidence Score
DISGUSTED,1.9480559825897217
CONFUSED,0.0
CALM,16.87333106994629
ANGRY,58.47434997558594
HAPPY,0.5855838656425476
SAD,13.471839904785156
SURPRISED,1.8192805051803589
