Emotions,Confidence Score
CONFUSED,0.0
SAD,12.863829612731934
SURPRISED,0.06158839538693428
HAPPY,0.008862556889653206
ANGRY,78.53348541259766
DISGUSTED,3.59795880317688
CALM,4.152309894561768
