Emotions,Confidence Score
SAD,1.892988920211792
DISGUSTED,1.4175219535827637
CONFUSED,0.0
HAPPY,0.09793534129858017
ANGRY,83.62834167480469
SURPRISED,0.27313706278800964
CALM,10.01303482055664
