Emotions,Confidence Score
SURPRISED,0.5188342332839966
DISGUSTED,1.8960992097854614
HAPPY,0.14930211007595062
CALM,25.1312198638916
CONFUSED,0.0
ANGRY,68.07832336425781
SAD,1.5524934530258179
