Emotions,Confidence Score
CONFUSED,0.0
SURPRISED,0.25164690613746643
CALM,7.255781650543213
SAD,1.7390201091766357
HAPPY,0.08969888091087341
DISGUSTED,5.352795600891113
ANGRY,82.82151794433594
