Emotions,Confidence Score
CONFUSED,0.0
SURPRISED,0.2970261871814728
ANGRY,80.76481628417969
SAD,2.256157159805298
DISGUSTED,3.160210371017456
HAPPY,0.12082581967115402
CALM,10.768288612365723
