Emotions,Confidence Score
DISGUSTED,0.569158673286438
CONFUSED,0.0
CALM,8.217921257019043
ANGRY,86.1391372680664
HAPPY,0.05883162468671799
SAD,2.089505195617676
SURPRISED,0.8532154560089111
