Emotions,Confidence Score
ANGRY,44.63599395751953
HAPPY,1.306862235069275
DISGUSTED,1.6536046266555786
CONFUSED,0.0
CALM,30.189741134643555
SURPRISED,0.9331430196762085
SAD,18.81832504272461
