Emotions,Confidence Score
ANGRY,90.43650817871094
CONFUSED,0.0
HAPPY,0.0886232852935791
CALM,5.056125640869141
SURPRISED,0.2372576892375946
DISGUSTED,0.2947436273097992
SAD,2.839768171310425
