Emotions,Confidence Score
DISGUSTED,0.30149045586586
HAPPY,0.1260155439376831
SURPRISED,0.15670904517173767
ANGRY,88.43121337890625
CALM,5.303086280822754
SAD,4.460598468780518
CONFUSED,0.0
