Emotions,Confidence Score
ANGRY,17.669139862060547
CONFUSED,0.0
HAPPY,0.01394711248576641
CALM,4.451573848724365
SURPRISED,0.022049477323889732
DISGUSTED,1.8439525365829468
SAD,75.56954956054688
