Emotions,Confidence Score
DISGUSTED,0.7594014406204224
HAPPY,0.12072612345218658
SURPRISED,0.10491403192281723
ANGRY,71.61212921142578
CALM,2.5413100719451904
SAD,23.96242332458496
CONFUSED,0.0
