Emotions,Confidence Score
CONFUSED,0.0
SURPRISED,0.07576999813318253
ANGRY,94.47286987304688
SAD,0.9474010467529297
DISGUSTED,0.5566215515136719
HAPPY,0.04170747846364975
CALM,3.378974676132202
