Emotions,Confidence Score
CONFUSED,0.0
SAD,0.8291325569152832
SURPRISED,0.136895090341568
HAPPY,0.08013647049665451
ANGRY,93.58358001708984
DISGUSTED,1.1294524669647217
CALM,3.3175203800201416
