Emotions,Confidence Score
SURPRISED,0.332878053188324
DISGUSTED,1.2480443716049194
HAPPY,0.19152283668518066
CALM,15.029764175415039
CONFUSED,0.0
ANGRY,80.66027069091797
SAD,1.285527229309082
