Emotions,Confidence Score
SAD,1.8567959070205688
CONFUSED,0.0
SURPRISED,0.39629751443862915
ANGRY,69.83502197265625
CALM,25.004201889038086
DISGUSTED,1.6067596673965454
HAPPY,0.10021799057722092
