Emotions,Confidence Score
ANGRY,63.11839294433594
HAPPY,0.18781495094299316
DISGUSTED,1.9204716682434082
CONFUSED,0.0
CALM,24.297523498535156
SURPRISED,0.5124185085296631
SAD,6.947046279907227
