Emotions,Confidence Score
SAD,9.255331993103027
CONFUSED,0.0
SURPRISED,0.5391855835914612
ANGRY,69.20682525634766
CALM,17.011659622192383
DISGUSTED,0.7622136473655701
HAPPY,0.16886137425899506
