Emotions,Confidence Score
SAD,15.675410270690918
CONFUSED,0.0
SURPRISED,0.14308124780654907
ANGRY,75.9351577758789
CALM,5.976254940032959
DISGUSTED,0.5909358859062195
HAPPY,0.5248188972473145
