Emotions,Confidence Score
CALM,36.37607192993164
CONFUSED,7.083159446716309
HAPPY,6.444986343383789
