Emotions,Confidence Score
SAD,42.29982376098633
CONFUSED,8.18624496459961
CALM,5.694615840911865
