Emotions,Confidence Score
CALM,57.06722640991211
CONFUSED,21.161968231201172
SAD,6.799131393432617
