Emotions,Confidence Score
CALM,21.233076095581055
CONFUSED,7.045954704284668
ANGRY,3.2816052436828613
