Emotions,Confidence Score
CONFUSED,34.87289047241211
CALM,10.544705390930176
ANGRY,5.762201309204102
