Emotions,Confidence Score
SAD,63.890869140625
ANGRY,43.22597885131836
CALM,17.226964950561523
