Emotions,Confidence Score
CALM,52.67514419555664
SAD,43.452388763427734
CONFUSED,15.410298347473145
