Emotions,Confidence Score
HAPPY,19.95029067993164
SAD,19.84366798400879
ANGRY,5.273187160491943
