Emotions,Confidence Score
CALM,53.85930633544922
SAD,12.987422943115234
ANGRY,10.57645034790039
