Emotions,Confidence Score
CALM,43.56119155883789
CONFUSED,15.245092391967773
SAD,9.99612808227539
