Emotions,Confidence Score
CALM,40.490264892578125
SURPRISED,14.067638397216797
ANGRY,3.4161627292633057
