Emotions,Confidence Score
CALM,75.94146728515625
SAD,4.883951187133789
CONFUSED,4.687148094177246
