Emotions,Confidence Score
CONFUSED,24.13734245300293
CALM,9.165477752685547
SAD,7.701754570007324
