Emotions,Confidence Score
SAD,50.22105407714844
ANGRY,11.40914535522461
CALM,10.179340362548828
