Emotions,Confidence Score
CONFUSED,43.412567138671875
SAD,23.88848114013672
CALM,13.372034072875977
