Emotions,Confidence Score
CONFUSED,18.048805236816406
CALM,16.43936538696289
SAD,9.157443046569824
