Emotions,Confidence Score
CONFUSED,10.859966278076172
SAD,10.387444496154785
ANGRY,6.464076042175293
