Emotions,Confidence Score
SAD,36.55690383911133
CONFUSED,28.210281372070312
CALM,7.761221885681152
