Emotions,Confidence Score
SAD,69.49180603027344
CONFUSED,11.879772186279297
CALM,10.758238792419434
