Emotions,Confidence Score
CALM,48.61370849609375
CONFUSED,31.834238052368164
SAD,13.639145851135254
