Emotions,Confidence Score
SAD,1.9722845554351807
DISGUSTED,0.13502168655395508
CONFUSED,0.0
HAPPY,0.11611359566450119
ANGRY,95.67796325683594
SURPRISED,0.039949674159288406
CALM,1.4595338106155396
