Emotions,Confidence Score
CONFUSED,0.0
SAD,1.466180682182312
SURPRISED,0.037752456963062286
HAPPY,0.2151564657688141
ANGRY,96.51811981201172
DISGUSTED,0.1310240626335144
CALM,0.8050903677940369
