Emotions,Confidence Score
CONFUSED,0.0
SAD,4.761335849761963
SURPRISED,0.10580343753099442
HAPPY,0.3646262586116791
ANGRY,81.1117935180664
DISGUSTED,3.177752733230591
CALM,9.896848678588867
