Emotions,Confidence Score
SAD,32.57643127441406
CONFUSED,0.0
SURPRISED,0.18350431323051453
ANGRY,60.285980224609375
CALM,3.6855082511901855
DISGUSTED,1.5764673948287964
HAPPY,0.09821705520153046
