Emotions,Confidence Score
CONFUSED,0.0
SURPRISED,0.5868938565254211
ANGRY,50.34426498413086
SAD,26.07217788696289
DISGUSTED,1.763328194618225
HAPPY,0.10484777390956879
CALM,17.6159725189209
