Emotions,Confidence Score
SURPRISED,1.253040075302124
DISGUSTED,1.9520457983016968
HAPPY,0.1277543604373932
CALM,14.19346809387207
CONFUSED,0.0
ANGRY,25.431806564331055
SAD,48.88683319091797
