Emotions,Confidence Score
SAD,15.149426460266113
CONFUSED,0.0
SURPRISED,0.5610474348068237
ANGRY,65.72373962402344
CALM,15.202316284179688
DISGUSTED,2.002915859222412
HAPPY,0.13475735485553741
