Emotions,Confidence Score
CONFUSED,0.0
SURPRISED,0.2750425934791565
ANGRY,91.68690490722656
SAD,1.718372106552124
DISGUSTED,0.19051435589790344
HAPPY,0.03379116952419281
CALM,5.632702827453613
