Emotions,Confidence Score
ANGRY,80.94835662841797
CONFUSED,0.0
HAPPY,0.08942405134439468
CALM,12.123096466064453
SURPRISED,0.5763179659843445
DISGUSTED,0.4475674033164978
SAD,3.999262571334839
