Emotions,Confidence Score
SAD,27.52891731262207
CONFUSED,0.0
SURPRISED,0.19065149128437042
ANGRY,58.98832702636719
CALM,11.10267162322998
DISGUSTED,1.235832691192627
HAPPY,0.07132779806852341
