Emotions,Confidence Score
CONFUSED,0.0
SURPRISED,0.05307658016681671
ANGRY,88.7034683227539
SAD,8.131447792053223
DISGUSTED,0.4865722358226776
HAPPY,0.014464231207966805
CALM,2.178760290145874
