Emotions,Confidence Score
CONFUSED,0.0
SURPRISED,1.1742597818374634
CALM,38.46583557128906
SAD,22.140817642211914
HAPPY,0.6256700754165649
DISGUSTED,7.641240119934082
ANGRY,23.383100509643555
