Emotions,Confidence Score
DISGUSTED,4.28195333480835
CONFUSED,0.0
CALM,13.869518280029297
ANGRY,70.36322784423828
HAPPY,0.11414828151464462
SAD,7.257270812988281
SURPRISED,0.5716375708580017
