Emotions,Confidence Score
ANGRY,75.8299331665039
CONFUSED,0.0
HAPPY,0.2202158123254776
CALM,4.45587158203125
SURPRISED,0.04126938059926033
DISGUSTED,0.9511480927467346
SAD,17.971996307373047
