Emotions,Confidence Score
DISGUSTED,0.5034220218658447
HAPPY,0.035264477133750916
SURPRISED,0.08068805932998657
ANGRY,91.61563873291016
CALM,7.2791032791137695
SAD,0.3116360306739807
CONFUSED,0.0
