Emotions,Confidence Score
CONFUSED,0.0
SURPRISED,0.07166106253862381
CALM,3.7244856357574463
SAD,0.36878615617752075
HAPPY,0.030769364908337593
DISGUSTED,0.3247646689414978
ANGRY,95.3106918334961
