Emotions,Confidence Score
SAD,42.491973876953125
DISGUSTED,3.6536030769348145
CONFUSED,0.0
HAPPY,0.2324315458536148
ANGRY,9.664462089538574
SURPRISED,1.8795320987701416
CALM,28.35860252380371
