Emotions,Confidence Score
CONFUSED,0.0
SAD,53.69721221923828
SURPRISED,0.4147738814353943
HAPPY,3.263575553894043
ANGRY,4.417361259460449
DISGUSTED,3.718043088912964
CALM,32.25510025024414
