Emotions,Confidence Score
DISGUSTED,2.271883487701416
CONFUSED,0.0
CALM,92.98654174804688
ANGRY,1.544982671737671
HAPPY,0.07697082310914993
SAD,1.3514206409454346
SURPRISED,0.8807995319366455
