Emotions,Confidence Score
DISGUSTED,0.9846807718276978
CONFUSED,0.0
CALM,4.378813743591309
ANGRY,31.8781795501709
HAPPY,0.05697484686970711
SAD,59.83536148071289
SURPRISED,0.07987236231565475
