Emotions,Confidence Score
SAD,6.308808326721191
CONFUSED,0.0
SURPRISED,0.3386838734149933
ANGRY,81.68083190917969
CALM,6.550363540649414
DISGUSTED,1.4700992107391357
HAPPY,0.11807651072740555
