Emotions,Confidence Score
CONFUSED,0.0
SAD,0.9786261916160583
SURPRISED,9.39985466003418
HAPPY,0.17630858719348907
ANGRY,28.837671279907227
DISGUSTED,2.532973051071167
CALM,38.98574447631836
