Emotions,Confidence Score
SAD,0.7607693672180176
DISGUSTED,0.46014833450317383
CONFUSED,0.0
HAPPY,0.0072786700911819935
ANGRY,96.85353088378906
SURPRISED,0.016226857900619507
CALM,1.7755582332611084
