Emotions,Confidence Score
CONFUSED,0.0
SAD,2.862321138381958
SURPRISED,0.21913990378379822
HAPPY,0.0849522203207016
ANGRY,80.15966033935547
DISGUSTED,3.319218635559082
CALM,10.949850082397461
