Emotions,Confidence Score
ANGRY,76.0228042602539
CONFUSED,0.0
HAPPY,0.13033868372440338
CALM,15.318269729614258
SURPRISED,0.49274498224258423
DISGUSTED,2.330810546875
SAD,3.0514180660247803
