Emotions,Confidence Score
SAD,1.3122169971466064
DISGUSTED,3.0546183586120605
CONFUSED,0.0
HAPPY,0.05551816523075104
ANGRY,87.4694595336914
SURPRISED,0.16327737271785736
CALM,6.83055305480957
