Emotions,Confidence Score
ANGRY,9.583488464355469
CONFUSED,0.0
HAPPY,0.2998599708080292
CALM,78.21461486816406
SURPRISED,2.3691742420196533
DISGUSTED,5.517353534698486
SAD,0.8531843423843384
