Emotions,Confidence Score
CONFUSED,0.0
SURPRISED,1.154689908027649
ANGRY,12.389289855957031
SAD,0.9346755146980286
DISGUSTED,4.168849945068359
HAPPY,0.12603159248828888
CALM,78.95672607421875
