Emotions,Confidence Score
CONFUSED,0.0
SAD,3.4228098392486572
SURPRISED,0.3486226797103882
HAPPY,0.09307289123535156
ANGRY,78.22929382324219
DISGUSTED,1.4275281429290771
CALM,14.314484596252441
