Emotions,Confidence Score
CALM,62.266231536865234
CONFUSED,17.374975204467773
ANGRY,7.009434700012207
