Emotions,Confidence Score
SAD,59.80281066894531
CALM,48.16664505004883
ANGRY,13.514339447021484
