Emotions,Confidence Score
CALM,45.72276306152344
CONFUSED,42.817039489746094
SAD,11.366826057434082
