Emotions,Confidence Score
CONFUSED,46.99394226074219
SAD,22.68622589111328
CALM,21.48324203491211
