Emotions,Confidence Score
SAD,56.41170883178711
CALM,11.279648780822754
HAPPY,4.743013858795166
