Emotions,Confidence Score
CALM,41.39931106567383
CONFUSED,14.359289169311523
SAD,11.38012409210205
