Emotions,Confidence Score
SAD,69.04931640625
CALM,6.551689147949219
ANGRY,5.699527263641357
