Emotions,Confidence Score
SAD,50.91718292236328
CALM,17.747718811035156
ANGRY,1.8785357475280762
