Emotions,Confidence Score
SAD,77.0334701538086
ANGRY,27.81112289428711
CALM,14.448332786560059
