Emotions,Confidence Score
HAPPY,40.400978088378906
CONFUSED,22.124629974365234
ANGRY,7.043027877807617
