Emotions,Confidence Score
HAPPY,21.08838653564453
SAD,12.01738166809082
CALM,3.1499743461608887
