Emotions,Confidence Score
CALM,42.44260025024414
SAD,22.2506103515625
ANGRY,18.577045440673828
