Emotions,Confidence Score
CALM,30.410694122314453
SAD,26.652729034423828
CONFUSED,14.480620384216309
