Emotions,Confidence Score
CONFUSED,20.791423797607422
ANGRY,14.277446746826172
CALM,9.765887260437012
