Emotions,Confidence Score
CONFUSED,22.097915649414062
SAD,18.093603134155273
ANGRY,5.683785438537598
