Emotions,Confidence Score
SAD,31.987869262695312
CONFUSED,16.15862274169922
CALM,8.293205261230469
