Emotions,Confidence Score
HAPPY,30.667404174804688
SAD,15.813952445983887
ANGRY,8.487176895141602
