Emotions,Confidence Score
SAD,36.327213287353516
CALM,7.62459659576416
ANGRY,4.018145561218262
