Emotions,Confidence Score
SAD,76.11248016357422
ANGRY,5.288171768188477
HAPPY,3.9335827827453613
