Emotions,Confidence Score
CALM,53.85663604736328
SAD,22.20468521118164
ANGRY,17.698442459106445
