Emotions,Confidence Score
CALM,34.16716384887695
SAD,17.82965660095215
CONFUSED,14.102840423583984
