Emotions,Confidence Score
CALM,25.926090240478516
SAD,22.80504035949707
ANGRY,20.86117172241211
