Emotions,Confidence Score
SAD,42.8604736328125
CONFUSED,15.707093238830566
CALM,13.633293151855469
