Emotions,Confidence Score
SAD,34.9620361328125
CALM,30.220073699951172
ANGRY,23.84565544128418
