Emotions,Confidence Score
SAD,46.00352096557617
CALM,21.628564834594727
ANGRY,3.640127182006836
