Emotions,Confidence Score
SAD,55.1656494140625
CALM,16.349946975708008
CONFUSED,8.162575721740723
