Emotions,Confidence Score
ANGRY,77.49237060546875
HAPPY,14.62765884399414
SAD,3.8304507732391357
