Emotions,Confidence Score
CALM,62.6878662109375
SAD,47.73442077636719
ANGRY,14.4404296875
