Emotions,Confidence Score
HAPPY,46.59429168701172
SAD,9.342700004577637
CONFUSED,2.0988106727600098
